hop,question,reference,flat_answer,flat_ok,graph_answer,graph_ok
1,What stock ticker does Tesla trade under?,TSLA,TSLA,True,Tesla trades as TSLA.,True
1,Which sedan model does NIO make?,ET7,I don't know.,False,Model ET7,True
1,Who is the CEO of NIO?,William Li,I don't know.,False,William Li is the CEO of NIO.,True
1,What stock ticker does Polestar trade under?,PSNY,Polestar trades under the stock ticker PSNY.,True,Polestar trades under the stock ticker PSNY.,True
1,In which city is Polestar based?,Gothenburg,I don't know.,False,Polestar is based in GOTHENBURG.,True
1,In what year was Nikola founded?,2015,I don't know.,False,Nikola was founded in 2015.,True
1,In which U.S. city is Nikola headquartered?,Phoenix,I don't know.,False,Nikola is headquartered in PHOENIX.,True
1,What stock ticker does VinFast trade under?,VFS,VinFast trades under the stock ticker VFS.,True,VinFast trades as VFS.,True
1,In which country is BYD based?,China,BYD is based in China.,True,BYD is based in China.,True
1,What charging network does Tesla operate?,Superchargers,Tesla operates a national network of Superchargers and destination chargers that are predominantly located within Metropolitan Statistical Areas (MSAs).,True,Tesla operates a network of Superchargers and Destination Chargers.,True
2,What stock ticker does the EV maker based in Gothenburg trade under?,PSNY,I don't know.,False,PSNY,True
2,"Which company, founded in 2015 and headquartered in Phoenix, makes electric trucks?",Nikola,Nikola Corporation,True,Nikola,True
2,What kind of trucks does the company headquartered in Phoenix produce?,Hydrogen,Nikola Corporation produces hydrogen electric trucks and battery powered trucks headquartered in Phoenix.,True,"The company headquartered in Phoenix, Nikola, produces Hydrogen Electric Trucks and Battery Powered Trucks.",True
2,Which China-based company competes with Tesla in the EV market?,BYD,BYD competes with Tesla in the EV market.,True,BYD competes with Tesla in the EV market.,True
2,Who is the chief executive of the company that makes the ET7?,William Li,I don't know.,False,"William Li is the CEO of NIO, which makes the ET7. Therefore, the chief executive of the company that makes the ET7 is William Li.",True
2,Which Chinese EV company did Elon Musk comment on?,BYD,BYD,True,BYD,True
2,What stock ticker does the maker of the Model Y trade under?,TSLA,XPEV,False,Tesla trades as TSLA.,True
1,What was Tesla's reported US EV market share in Q1 2024?,51.3,Tesla's reported US EV market share in Q1 2024 was 51.3%.,True,Tesla's market share in Q1 2024 was 51.3%.,True
1,What is VinFast's annual delivery target for vehicles?,"80,000","VinFast's annual delivery target for vehicles is 80,000.",True,"VinFast's annual delivery target is 80,000 vehicles.",True
2,In which city is Tesla's most productive manufacturing hub located?,Shanghai,Tesla's most productive manufacturing hub is located in Shanghai.,True,I don't know.,False
2,"Besides the Model Y, which more affordable Tesla sedan became popular after price cuts?",Model 3,The Model 3 sedan became popular after Tesla's aggressive price cuts throughout the year.,False,I don't know.,False
